,short-term,long-term
0,0.8446933432025491,0.7531557693479602
1,0.7977922315949091,0.7747238534686692
2,0.8930566998280097,0.8326784502652849
3,0.8772886384067998,0.7715642660821409
4,0.8504998124968792,0.7706083809588982
5,0.8867655880013807,0.813631473286459
6,0.8343187181583586,0.746845801592573
7,0.8609568552969517,0.8011710253592814
8,0.8713215899308154,0.7888998751145029
9,0.8646585790276808,0.7642187504133552
10,0.8185463368818308,0.728532662647591
11,0.83586747775929,0.7550264832738186
12,0.8377435615164853,0.7519208352476624
13,0.8522250427679341,0.7913055709903951
14,0.867150801999577,0.772346140447062
15,0.9035602517482342,0.833852823727177
16,0.8825942557703745,0.7965813850407919
17,0.8789404612755328,0.7957540186808211
18,0.8852902121192928,0.8013736834330283
19,0.8479026702494106,0.7391096611645752
20,0.87470299705093,0.796931206088066
21,0.8747687204449609,0.739577792028769
22,0.8679961812546079,0.7853690451118284
23,0.8610317949858712,0.7815148009824073
24,0.8753331500257936,0.7804540465136685
25,0.8676803073283322,0.8389068038408398
26,0.8902170893836288,0.7912386345896752
27,0.8680650719912446,0.7996399776948699
28,0.8468025759690752,0.7759602767755944
29,0.8742321553140299,0.7745900532820037
30,0.8458070058451744,0.8008857290413759
31,0.8920986644405592,0.79388083840002
32,0.8597562330892881,0.7744655541134605
33,0.8326691106518513,0.7716190548669779
34,0.8837111848956898,0.8182459144577541
35,0.8855083627233278,0.7883605800766447
36,0.8568992433189666,0.7792389140829918
37,0.8581757428753654,0.7500942981425295
38,0.8836187589524982,0.7832409400529415
39,0.8577943193343075,0.7762668979333915
40,0.8620812566107443,0.791720989637343
41,0.8670125501315586,0.7743652320001972
42,0.8980474338627886,0.8110372292894578
43,0.779105226771475,0.7156671829654441
44,0.8649927817636724,0.7988382499049391
45,0.8766240971321257,0.8092518455851199
46,0.8769255221025203,0.8097147890249856
47,0.8621518362259988,0.7824679501999441
48,0.8769164332852342,0.7695955587321244
49,0.883965310324443,0.7961029537227906
50,0.8012545758975471,0.7237420284278955
51,0.8668361702563261,0.7979765408198245
52,0.8586582001939398,0.7801286591652913
53,0.865290241267079,0.7527226666943294
54,0.8328663140032616,0.7531966460170179
55,0.8986105192041485,0.7928334738529129
56,0.8399664342358256,0.7788778622241915
57,0.8753422648450094,0.7964656923107425
58,0.8550181950353283,0.7756647388186233
59,0.8716249629922328,0.75347262167221
60,0.8418363975959356,0.7392001846619634
61,0.8652004687137207,0.7755202352221389
62,0.843143858862849,0.7861853744322871
63,0.8753730581113007,0.7896800522678361
64,0.8718012202205362,0.7669432569404406
65,0.864815861735241,0.767824837273869
66,0.86042559482794,0.7936292700394091
67,0.8560097204392116,0.7077941316732245
68,0.8401766907025384,0.7515638024894407
69,0.8765538471757391,0.7980157237911666
70,0.9013881974241804,0.727244484320533
71,0.8241819996275108,0.7614094156438378
72,0.8551198086103161,0.7618859413270944
73,0.8673372382349307,0.753757509894678
74,0.8596905136823735,0.7950458896847934
75,0.8828229421003777,0.7926641992860878
76,0.8539969114262616,0.7601358534788833
77,0.8655772433345844,0.7942714932700248
78,0.8622966148567819,0.7904400617327472
79,0.8828804954241775,0.8096638955288461
80,0.91295344341511,0.8392311467872595
81,0.8690859956563786,0.7653910598137359
82,0.8304870513302719,0.7642851153733169
83,0.8837493306708559,0.8025340837319451
84,0.8836750508818064,0.7846468827232448
85,0.8225882211080174,0.7851467345968894
86,0.8632106207557383,0.7951270986575104
87,0.8789409924074827,0.8009313814967292
88,0.8295236040337541,0.8015621315989288
89,0.8718370826664789,0.76889188407187
90,0.8869114323449447,0.7979167195732602
91,0.8893995176883935,0.804173753356175
92,0.8649661562284655,0.7879489980804452
93,0.820455755610648,0.7708010782908857
94,0.859158954222688,0.8358118462734178
95,0.8671867624270104,0.7519312990429907
96,0.8789241641963635,0.7950842353521905
97,0.8801989649365602,0.7879441116710326
98,0.861571788876582,0.7805289858858168
99,0.8781603227379831,0.7758736533992195
100,0.8751944847016756,0.7804236055832807
101,0.8567769484420097,0.7744444935138816
102,0.8116503474717591,0.7595219225373676
103,0.8509396322364704,0.7472473260016529
104,0.838222957756757,0.7519969839249967
105,0.8640388229648754,0.7608208995220221
106,0.8424969858216245,0.7425270281618876
107,0.8573268625871374,0.7528329250261636
108,0.8526375280394091,0.7374865479510361
109,0.8498806682883165,0.8046768080069688
110,0.8780426810221152,0.7929108276781418
111,0.8781487162626487,0.7895205354559885
112,0.862865732811334,0.7804581453040002
113,0.8831696413921868,0.7955160558190139
114,0.89172879812236,0.8025648779315228
115,0.8879284791967677,0.8182066020510121
116,0.8880845691931942,0.845648099223595
117,0.8553792895319797,0.782651763252716
118,0.8287268511074368,0.7726872248767045
119,0.8730038366294829,0.8027435834820152
120,0.834480670505166,0.7822134829462349
121,0.8581757428753654,0.7500942981425295
122,0.8457334598290197,0.756091470231582
123,0.8148372020564918,0.7345208359069101
124,0.8637349119483689,0.8000802381212889
125,0.8648984527554892,0.8078150537590888
126,0.8846158327635737,0.7892649395142384
127,0.8093243128283809,0.7789232283044979
128,0.8491557252834075,0.7883950027894001
129,0.8795069591950102,0.8064199707252632
130,0.8566197025247408,0.7784337044957915
131,0.8720824148807277,0.8067376886860934
132,0.8536325400097348,0.8150964055694835
133,0.8421540048215372,0.7809335370663517
134,0.8636932429471363,0.7050728824694219
135,0.8462616492432642,0.7027567580670161
136,0.845068267899915,0.7277209634788377
137,0.8651104527172094,0.7911980325088507
138,0.8843804269565911,0.8209407112805872
139,0.8356844504937144,0.757095376942696
140,0.8404775526628138,0.740632561141301
141,0.8636092439140091,0.7930695885012227
142,0.8516919644992944,0.7811291006779796
143,0.8491962623079186,0.7705010983486481
144,0.8576153812662529,0.7812619008116913
145,0.8585868500433899,0.7477036297618616
146,0.8345424826713324,0.7540166003515939
147,0.8681955373956439,0.793380509199338
148,0.8882444212098992,0.8137517827022196
149,0.8888774151509368,0.7935530146410779
150,0.8777343702655038,0.8801712320070021
151,0.8743562186252438,0.7928810504443202
152,0.8339273801926671,0.7450150233293488
153,0.9132771631485702,0.8161855494716499
154,0.855221246786764,0.7710573459550255
155,0.8647297070150374,0.7858132348860679
156,0.8302395317024296,0.744224042412975
157,0.8813047227645457,0.7894693894632727
158,0.8882794929281522,0.7721290992490524
159,0.8880649762524028,0.7775924326042025
160,0.88400641007239,0.7910351985475045
161,0.83964817779242,0.7424293752260245
162,0.8285625157502502,0.7323706229340077
163,0.8375687100667915,0.7507395666497951
164,0.8797588362732526,0.7919599418704968
165,0.8507943908083065,0.7752630141553695
166,0.8815409232972097,0.809108277202306
167,0.8747918630546824,0.8185268559135619
168,0.8813003702985105,0.794512465987193
169,0.8503992661271207,0.7831157766123213
170,0.8474691476161884,0.7589772722309741
171,0.8242528972840629,0.8032151427318605
172,0.8730670473664038,0.7821018453217378
173,0.8195809651455107,0.7473510099663176
174,0.7999394787070374,0.6742505979825923
175,0.8559813464617785,0.7662124901792763
176,0.873668702428224,0.774098433920044
177,0.8248695268025208,0.6514432092502073
178,0.8798223461684128,0.8010679614832464
179,0.8794572277219062,0.8004158606454163
180,0.8605522418878323,0.7725836788431676
181,0.8549941162283713,0.7623375423760635
182,0.8435304154085262,0.7637406991647965
183,0.8418023828887047,0.7512942732290333
184,0.8820371346348166,0.7928011424501232
185,0.872321300562663,0.758959039216779
186,0.8805353078391213,0.8150706477289906
187,0.8680697391060223,0.8024924673682403
188,0.8126128820348604,0.7383651115549543
189,0.8835165248633307,0.8479911903939846
190,0.8598585267696134,0.7696702048197359
191,0.8946853061864106,0.8131407067789233
192,0.8775570767920062,0.7977659593642649
193,0.8589627302524601,0.7815446393757361
194,0.876844946880514,0.8058517982015845
195,0.854918791234619,0.7748652072585864
196,0.8562739992064285,0.7848369302806929
197,0.8219081428328816,0.7728694843885968
198,0.8788994584594472,0.8100460945846554
199,0.8667895639040998,0.7864659811549713
200,0.859750294852069,0.774531161315901
201,0.8460537742064715,0.7948810106011518
202,0.8927705314116022,0.8098374187101909
203,0.8483953598363992,0.7684010122164766
204,0.894523246702274,0.8277780444061467
205,0.8816938792476011,0.7800088327455964
206,0.8461493757497479,0.7679223904048333
207,0.8463859336880455,0.7663962273600748
208,0.8457271924801023,0.7256555355055495
209,0.8635607699534887,0.7855436816843626
210,0.8931274894236768,0.819816521825227
211,0.8459000175442211,0.7651376170480625
212,0.8692128704099776,0.7982281230619147
213,0.8643551192860487,0.7760010460955533
214,0.8434817147172697,0.787989594014376
215,0.8993309250144922,0.7918740888501438
216,0.8485520053389037,0.7687244609553215
217,0.842490148815371,0.8069498239367136
218,0.8649554144223254,0.7898283522789021
219,0.863976217596921,0.7892238759474369
220,0.8808253004662897,0.7909025914364802
221,0.853397144292202,0.768523918760729
222,0.878566396648078,0.7827485071068946
223,0.8556552545859664,0.7794767772913999
224,0.8707688803954695,0.7777310907273904
225,0.8856044855578671,0.798960083986526
226,0.8590865003589914,0.7743458211274076
227,0.8808385847677307,0.8095203739132258
228,0.8718058787148376,0.7451682581120629
229,0.8461515574477022,0.7647041885877245
230,0.8371601080737059,0.7685089751204258
231,0.8818473116608877,0.8243509283526143
232,0.8530454394383863,0.7794320529981975
233,0.843623281873886,0.7558725450639744
234,0.8550955496944717,0.7611159814354834
235,0.8624160461946074,0.7833522374912488
236,0.8447902795221534,0.7619352683180529
237,0.8610698502543539,0.7862946599832584
238,0.8580899653059126,0.7784058770714981
239,0.8685484989398776,0.7536990061360922
240,0.7884393165803256,0.7183555630153282
241,0.8546730667261904,0.7591503862257836
242,0.8624749908431287,0.7497382519467413
243,0.8377463707034619,0.7427604374253647
244,0.8392351492962875,0.7634678839115426
245,0.8573314799988337,0.769450299634167
246,0.8764863062486131,0.799566164418989
247,0.8584734345764988,0.7683381704430621
248,0.822602438580801,0.751123190151749
249,0.8463296231181404,0.7783990730289748
250,0.8879905323577196,0.788343456633851
251,0.8862821754077306,0.8057142542079784
252,0.8302788852036744,0.7355771692663263
253,0.8160488208207458,0.7638974979005745
254,0.8507912946927564,0.7934490017981843
255,0.8337770764635396,0.7008091248229823
256,0.8765562310062506,0.7633306924816242
257,0.8408712418569931,0.7581444556077246
258,0.8641601512618708,0.7528153639977122
259,0.8873228022590893,0.8073471859187823
260,0.8302788852036744,0.7355771692663263
261,0.8410426335948341,0.7764190657420439
262,0.8471234421222528,0.8132451328666126
263,0.8707425816095988,0.7706737041174134
264,0.8611535333955931,0.8076692412298192
265,0.8567237336962226,0.7903596446052686
266,0.8699897331781592,0.7808849602361557
267,0.8728556843187371,0.8017308583604909
268,0.8734786955145256,0.793527867767604
269,0.8991180035139076,0.8086322572729817
270,0.879629055539285,0.7910008635957133
271,0.8413933531694977,0.793253737997335
272,0.8684472414133482,0.7924973149408783
273,0.8302666094370543,0.7563958004651834
274,0.8281719360925673,0.7425459228874685
275,0.8751333092784457,0.7803340326425725
276,0.870078247298956,0.7969317778993962
277,0.8460344754999038,0.7573011862265745
278,0.7983114636298898,0.7339264972216674
279,0.8534429176870435,0.8066433333535866
280,0.8580827133970824,0.7906312761679489
281,0.8232941122899968,0.736101597812701
282,0.8667211900719445,0.7783950984295707
283,0.8397916155650507,0.779009196118321
284,0.8484172317873748,0.7886747285470516
285,0.8735473212535098,0.7794635632471093
286,0.8617032795211949,0.7679544648224785
287,0.878864719401947,0.8216071721428424
288,0.8631269652061718,0.7972912546285754
289,0.8360145014199089,0.776434755225303
290,0.8949408095181798,0.7921158205039416
291,0.9056469331393129,0.7945911289592548
292,0.8724814335177442,0.801655853358027
293,0.8484663830292868,0.7587184797336135
294,0.865476912474092,0.7857839205840393
295,0.8763432002106027,0.695525461972595
296,0.8550743909182197,0.7944067384386984
297,0.8621193578642834,0.8062073018134824
298,0.8129940050088207,0.7543762466031007
299,0.8760024809530467,0.7867829804009684
300,0.8586361169609541,0.7620625403352927
301,0.8662027273481694,0.7901429843195125
302,0.8839346731723843,0.8193596272714047
303,0.8671050368164921,0.7957321618008434
304,0.8115026180061058,0.7443453465542933
305,0.8966061727025579,0.7968702272813888
306,0.8602245629545748,0.7616672276356429
307,0.88072866872996,0.7813915544815699
308,0.8825449898517213,0.8103179615216135
309,0.8648963151312811,0.7647584307532266
310,0.8541047545911459,0.789157900304054
311,0.8841058889078358,0.7929958579364328
312,0.8522459651797754,0.7711673685062395
313,0.8599257520888688,0.7995955397062533
314,0.8789706336535017,0.7973598754127583
315,0.8647310052865277,0.7896845541151324
316,0.8798122333571806,0.7940177258901693
317,0.8730687131534257,0.7364503218030879
318,0.8717096281390638,0.8090466922240307
319,0.8801357391093076,0.7959452184650915
320,0.8697734490400977,0.7966282521599691
321,0.885389227392207,0.8209211058013276
322,0.8845927394263593,0.789871276117822
323,0.829278534784297,0.7021244901768331
324,0.8395098444756266,0.7462928901443644
325,0.8718811991345263,0.8031632301989454
326,0.8521121718294984,0.77260070539725
327,0.8538495866118626,0.7947428745490598
328,0.8497210876316084,0.8046738137605248
329,0.8559105735463325,0.7895247038768103
330,0.838793612101049,0.763477479707414
331,0.8234218656586766,0.7379459430844637
332,0.8849551020160477,0.7587130624939106
333,0.861191165161427,0.7614284808459363
334,0.88458639137158,0.7986565812541855
335,0.8572501274334814,0.7953132358217274
336,0.8689983199260054,0.7970743154907465
337,0.8555056646826447,0.7723342776628744
338,0.8756605593657935,0.7928249576644809
339,0.8720082563893198,0.7594445658929672
340,0.8440671952362375,0.724826896358862
341,0.8106061959645332,0.7678502494405004
342,0.879914094116322,0.8153427721411294
343,0.8488251878787625,0.7845437701703216
344,0.8465855568616065,0.801498047345994
345,0.8698576071576389,0.7641618872656858
346,0.897567823205024,0.8253815782960845
347,0.8292260151596337,0.7370634194157129
348,0.826873758577332,0.731072896362132
349,0.8947152560154266,0.7973316289534808
350,0.8486744855491684,0.7415332200655894
351,0.8840584594339306,0.8127154934887209
352,0.8701249408528472,0.7944092997015922
353,0.8604945553025862,0.7734678155280735
354,0.8878436737400323,0.7815657832612415
355,0.8458099204917998,0.7893209772622402
356,0.8766193414856663,0.8027273865493454
357,0.870539436838044,0.8036330854467495
358,0.8379056932262453,0.760260510593015
359,0.8694514668557987,0.7905899064458921
360,0.8736744221143276,0.7597000324316204
361,0.8933557615431401,0.8061095174853957
362,0.8620153906013472,0.6946453212123725
363,0.8724219278813002,0.806651934338706
364,0.854572531159994,0.775655566098529
365,0.8430668796517132,0.7563866063840543
366,0.8498306347414654,0.7819478394339153
367,0.8617580214545629,0.7695844384959726
368,0.8676569031351176,0.7941227159105992
369,0.8622784876127796,0.8063265693481062
370,0.8423948443568966,0.7643701114945677
371,0.9007971096537486,0.8054958448776294
372,0.8357942463266501,0.7626660140710085
373,0.9014222835218759,0.8315986836578892
374,0.8441641449540899,0.76356038451987
375,0.8566558889367455,0.7747368190358965
376,0.8381445386239115,0.7336511042421433
377,0.8764630222812113,0.761177860414149
378,0.8572293146851487,0.7877170533454251
379,0.8375398473890375,0.8238796266686552
380,0.8589960367279423,0.7854751613585096
381,0.8662424057305815,0.7763187783176159
382,0.853958594052708,0.7905698952502539
383,0.8958118463038092,0.7550967031009664
384,0.8696018657025886,0.791947073171137
385,0.8798170714068662,0.7943990411662144
386,0.8846966328329704,0.7881241009344457
387,0.8658633047249977,0.7818052068180311
388,0.8567769484420097,0.7744444935138816
389,0.8690545938815676,0.7783161706309493
390,0.8464786720862967,0.7572072041919394
391,0.8564104274518717,0.8141513716322663
392,0.8880649762524028,0.7775924326042025
393,0.8632468706764296,0.7640436854073896
394,0.889880165907184,0.7896321157035009
395,0.8653514484856815,0.7779745365472133
396,0.8634636464308982,0.798442204339216
397,0.8459000175442211,0.7651376170480625
398,0.8525928790521184,0.7738429900277692
399,0.8475223648126065,0.7665946427500042
400,0.8477543667696604,0.7646899209461474
401,0.8582512074417686,0.7855407721394723
402,0.8728479281298742,0.7805685871108653
403,0.8724219278813002,0.806651934338706
404,0.8455300602453998,0.7665662687735639
405,0.8609673477832119,0.7772054135287481
406,0.8546280830589993,0.7354058470929025
407,0.8388956604986735,0.7647822677078341
408,0.8933463387929039,0.821795185131923
409,0.855453822574927,0.7841284237333008
410,0.8860349748335659,0.8094198894276496
411,0.8689224694203357,0.7529642551861562
412,0.8479173002769694,0.7666123815845691
413,0.8485998960600456,0.7412681004119357
414,0.8429008058665933,0.7662428067483146
415,0.895467868655039,0.8062939282509087
416,0.8662675719701366,0.7795741612765863
417,0.8647645039113251,0.7865674678604369
418,0.8589627302524601,0.7815446393757361
419,0.8190300659557315,0.7555694639993309
420,0.8687024837194388,0.7948184787364997
421,0.8333492212378709,0.7490972952110266
422,0.8667345970185193,0.7874294734848069
423,0.8657885819819744,0.8261651224702168
424,0.8649909086411608,0.7959513750333898
425,0.8598939872335529,0.7986298032999662
426,0.8741402163132077,0.7732837995899152
427,0.8376273243683418,0.7793744147276129
428,0.8711782438683446,0.7961643460871655
429,0.8528683770498448,0.7822952563529957
430,0.884464134974742,0.8243287660079022
431,0.8760766260432489,0.8029826540690743
432,0.8617710881792575,0.7544479303136722
433,0.8718332637400629,0.7925711450670039
434,0.8792410313104027,0.8213927637696862
435,0.8534662415880384,0.7611234414848844
436,0.8402686335758116,0.7615604005894203
437,0.8794560042410904,0.8042792596028212
438,0.8901604080746578,0.7819042347061064
439,0.8562517325685451,0.7847815977871058
440,0.8697432131246159,0.7918096079037573
441,0.8939461384863294,0.7678633767922903
442,0.8706473393451816,0.8277625593684728
443,0.880460681050113,0.7778368722334495
444,0.8381161021377617,0.7571346399262785
445,0.866370773856655,0.7745164921003411
446,0.856956124970069,0.7665461705387647
447,0.819541316963225,0.7342700563430195
448,0.8351770182588295,0.6882119270446371
449,0.8339869574273274,0.8036926306492532
450,0.8291186698202397,0.7510477009691175
451,0.8639619106284985,0.7849881333223079
452,0.843955225917614,0.7530084766396783
453,0.890623801037274,0.8035168999152058
454,0.8349378778829585,0.768874456417367
455,0.8413792094647248,0.7820565045600792
456,0.8667649693586059,0.7853882534305179
457,0.8843598512651416,0.8185310711440222
458,0.8601666642169925,0.7798505807311377
459,0.868356837989245,0.7836814559522877
460,0.8709686172582565,0.8030078504676244
461,0.8546160552387445,0.7689159793789676
462,0.8766923017690953,0.8093774115951007
463,0.8548254199568444,0.7801950780269041
464,0.8756026827485501,0.8000318089421737
465,0.8620324806673284,0.7843059481308118
466,0.8315057517235255,0.7599822128779725
467,0.8703367780515983,0.7749736416399325
468,0.8384456764986857,0.7401594987098494
469,0.8601687352654883,0.7516411520641804
470,0.8730499683451972,0.7888956865713819
471,0.8411394188662826,0.7574626206552652
472,0.8548143114450771,0.7871448945797638
473,0.8350220109597966,0.7481530442593073
474,0.8652656648866777,0.7692157105311361
475,0.8785009835433577,0.7756679628677599
476,0.857740352263089,0.7521369660498044
477,0.8943892110456613,0.8109814936425146
478,0.8633783103374809,0.7694179557356741
479,0.8539874155635061,0.7959121842724187
480,0.8669684718492087,0.766630989247048
481,0.8256852786355318,0.7622269574920284
482,0.847806493157801,0.771256102395855
483,0.8587398183220911,0.8093785303439457
484,0.8347924038624993,0.7833849073229356
485,0.8076385833607994,0.7264478490523365
486,0.8632392814704801,0.7530527625553763
487,0.8991180035139076,0.8086322572729817
488,0.8637145314914751,0.7834701239277602
489,0.8756756822514554,0.797023857277846
490,0.8517051761533355,0.812474476384688
491,0.8710157935100151,0.7851920861574787
492,0.8546208779270592,0.7953213483127124
493,0.8452731554664231,0.8097108106029466
494,0.7993299064661998,0.7316818294479359
495,0.8583258072069901,0.764719698475809
496,0.8854349498616081,0.8435031674320844
497,0.8771373941982856,0.7978806522227317
498,0.8292365895619072,0.7477464664625361
499,0.8722295861464999,0.779800823524121
500,0.8604020014898702,0.8110650721187214
501,0.8461091669596269,0.7535395097922629
502,0.8338335367492425,0.7492672784059821
503,0.8724814335177442,0.801655853358027
504,0.8414085329210902,0.7581352061391929
505,0.8546924844742243,0.7701088594342557
506,0.8309467563950014,0.7812586254400387
507,0.8444663746046572,0.7383296862990338
508,0.8640663692592251,0.7671717542278802
509,0.8908076708779126,0.7838101472495688
510,0.8620802189421037,0.7747198110825525
511,0.8774998110914954,0.7879146058850948
512,0.8854220939827627,0.8179000753213148
513,0.8578969956731666,0.7798615693740076
514,0.8530405004558035,0.7961595746429526
515,0.8415898416502802,0.7731062181923012
516,0.8581893099572129,0.7551956743228649
517,0.8670356186993653,0.7840460638781204
518,0.8668737415973143,0.7969593899312322
519,0.8647918668359282,0.7712753185189455
520,0.8822869089037556,0.8106187429810524
521,0.8684816614057623,0.7805449429764456
522,0.8440137224116857,0.7696134459525361
523,0.8742998114335333,0.7800750508241863
524,0.8683736303395945,0.7588296764481886
525,0.8794121743306194,0.7919862280904864
526,0.8782634685771898,0.8255864158873907
527,0.8740793602893301,0.7833902406983871
528,0.8465855568616065,0.801498047345994
529,0.8366057017659231,0.7286626351756564
530,0.8693336035852002,0.7665943792359072
531,0.8742871652148517,0.8079844800283769
532,0.866370773856655,0.7745164921003411
533,0.8775107828353168,0.7781344969842983
534,0.8938189692226399,0.802522996736626
535,0.8597590832453889,0.7691507608193379
536,0.8757026535446147,0.7793339321196325
537,0.8397380171397648,0.7810287629512157
538,0.8661356422519871,0.7818312896882477
539,0.872066820315218,0.7872420164643741
540,0.8154965514501642,0.697999095870957
541,0.8194477463491829,0.7695106710394546
542,0.8789706336535017,0.7973598754127583
543,0.8742867861392938,0.7746462146004888
544,0.8658488373814275,0.7786473539821988
545,0.8633448998418539,0.7754795527967964
546,0.8906322804858637,0.7903370843982408
547,0.8430351924112691,0.7407836392436871
548,0.8813402617556454,0.7958869431534022
549,0.8525996309980476,0.7855747029117108
550,0.8442962438016204,0.7755036645551033
551,0.8625774544595071,0.7847077045736238
552,0.8679091432987467,0.8112034230991794
553,0.8846996822236036,0.7727948088422493
554,0.891683675356323,0.7726733853543438
555,0.8635892185818445,0.7838904930482974
556,0.8738755152065018,0.7763110004987248
557,0.8070961318664754,0.7107302174596064
558,0.8671661266356869,0.8119701269879029
559,0.8371992987247867,0.7976599526665309
560,0.8613067176904036,0.781221292375644
561,0.8313642143219625,0.7433118361205753
562,0.8726425096558049,0.8312769412416472
563,0.8630016016205483,0.8114237518440971
564,0.8427922958978461,0.7709598915759626
565,0.870255842799085,0.7848552803583971
566,0.8598796305930285,0.7633645999168029
567,0.8587794465344177,0.742974355381278
568,0.8783737567396804,0.7845698675584853
569,0.8708014008111021,0.7976605117399403
570,0.8493982317580215,0.7632210759136481
571,0.8062791664909829,0.7251114234411979
572,0.8561243297567837,0.7579433631320209
573,0.8824025595210486,0.8076338574277393
574,0.871584082137331,0.7650625869732205
575,0.8688449964120318,0.7800656697583129
576,0.8694872736821513,0.8027973908538939
577,0.856944858651679,0.7443742343429617
578,0.8671661266356869,0.8119701269879029
579,0.8943149791520583,0.8021237892497407
580,0.8331747330412165,0.7840459586875484
581,0.8727459441898772,0.7863270300877347
582,0.8681955373956439,0.793380509199338
583,0.8332820638689027,0.7656095800363791
584,0.8500730582609098,0.793731843983399
585,0.8683738709599401,0.7712954773642597
586,0.8366018800168549,0.7781410032687959
587,0.8659008753327139,0.7952268739930666
588,0.8076702176788476,0.7304567459295527
589,0.8628454831636513,0.7940637873796684
590,0.8794236412383165,0.7864907128088828
591,0.8551747374080819,0.7448640380635256
592,0.8460032810356665,0.7651405032478686
593,0.8454533845696681,0.7572630971260417
594,0.8670904207385207,0.8134494197962435
595,0.8552391365656369,0.7438191072938697
596,0.8808634335737084,0.8122987309122837
597,0.8270923382263675,0.7421377027227684
598,0.8689298874901022,0.7728278796260561
599,0.8642691870981035,0.8133223047532507
600,0.8652886211153222,0.8222400209997391
601,0.8594129053076454,0.777022898668542
602,0.8213745256823037,0.7489301736434107
603,0.8517191304542057,0.7795344338257866
604,0.8351748262331858,0.7451041939744744
605,0.8896153426193295,0.7738880280511095
606,0.8595333791789636,0.8011077742548669
607,0.8344054480447489,0.7015004799651938
608,0.8717946737512576,0.787321608299717
609,0.8759301460020844,0.799590173473045
610,0.8631097581185664,0.7861736991665628
611,0.8780180315994676,0.8074776153428499
612,0.8756754667707486,0.722412044619868
613,0.8549732642314316,0.7787748673613515
614,0.8593339272152871,0.769956204069019
615,0.8421832830811201,0.7792350450503036
616,0.8663709627096914,0.7536808651664567
617,0.8455874215216472,0.7490181606544226
618,0.828235881162671,0.6659640532347768
619,0.9151671283805212,0.8034110517950885
620,0.8792628030912951,0.8111646472733696
621,0.8418546715904439,0.7713180617914275
622,0.8629762852332026,0.8219141767238156
623,0.862909887672499,0.7880232229524885
624,0.8714515893914134,0.7287508716512862
625,0.8618030364338551,0.8008419440504062
626,0.8847529073476547,0.856939893809103
627,0.8335399424537634,0.7572954548543176
628,0.8823621246944856,0.7292389820496352
629,0.8465005992561319,0.7370994271374935
630,0.8931274894236768,0.819816521825227
631,0.8882088178501877,0.8082838947311884
632,0.8966792390605804,0.8064966924350478
633,0.8860649114453296,0.8337702731442957
634,0.8390219267565151,0.7387504879733987
635,0.8392518693022938,0.7073655958291138
636,0.8540831104124729,0.7963176790442031
637,0.8146793791911983,0.7434553394732908
638,0.8822786080415586,0.8152352937287428
639,0.8518190574405848,0.7623505477910885
640,0.8723309143457223,0.7998095521208995
641,0.8932416670355284,0.7878117737131416
642,0.8541749124416108,0.786141507158576
643,0.8727108843658222,0.8208954642725192
644,0.8571845455478935,0.7882544390422935
645,0.8147064759585084,0.71690174830191
646,0.879439878899758,0.8180263829308685
647,0.885998238530398,0.8047298177049468
648,0.820297633913088,0.7541782461297689
649,0.850867191431634,0.7638072299849012
650,0.8482976603590172,0.7697368908231983
651,0.7975039472483723,0.7280136939960119
652,0.8782634685771898,0.8255864158873907
653,0.8720211341491587,0.801004512600646
654,0.8885478774676511,0.8449853808648866
655,0.8949374322178913,0.7617489060176322
656,0.8924064357969863,0.8267104535662083
657,0.8248695268025208,0.6514432092502073
658,0.8751333092784457,0.7803340326425725
659,0.8439012410033613,0.7460111375581518
660,0.8250422018092559,0.7352604837120157
661,0.9075029071799601,0.8029464473146707
662,0.846559393529474,0.7523133581656909
663,0.8637990720038964,0.7935762609253212
664,0.903413826560284,0.8131890957394184
665,0.8444084782613224,0.7745275698001375
666,0.8548001891323963,0.8110844781855061
667,0.8769237336256881,0.7756279584400829
668,0.8312244208630121,0.7511278521700856
669,0.8571389204404681,0.8381685219802318
670,0.892107576930806,0.8426042136802715
671,0.8590417417919597,0.7625267910927905
672,0.8537528734265617,0.788359421021242
673,0.8726416395886123,0.7819950380212123
674,0.8299907943509537,0.7939326464589902
675,0.8826019244813719,0.8033893982081957
676,0.8249475788926055,0.7458695657015598
677,0.8590625162120948,0.7785277459102338
678,0.8594709779013485,0.7591041455881066
679,0.8554712096640011,0.7743187241874112
680,0.8300929618631103,0.7710231285004716
681,0.8956236076361624,0.8067780215329318
682,0.8712004722802915,0.79744015562333
683,0.8874092391610718,0.8277302200324761
684,0.8949625454134272,0.83202840550704
685,0.8373295794194225,0.7744715710284457
686,0.7952935008812564,0.7963286082990282
687,0.8403848827213714,0.7432104812173869
688,0.8537453119623652,0.789686268079711
689,0.8760932713751586,0.7813441867377325
690,0.8470820474389223,0.7273773303599029
691,0.866370773856655,0.7745164921003411
692,0.8600392856474003,0.7694150557956263
693,0.860555402893943,0.8491473813467799
694,0.8447825961653448,0.79698280368171
695,0.8658048631828994,0.7891096990761466
696,0.8590711016693742,0.7811497898662675
697,0.8089988372603388,0.7310763622344473
698,0.8812616722516851,0.8046066753243776
699,0.8734287833136726,0.7784626678154369
700,0.823419444741226,0.7188564298456003
701,0.8288737677183641,0.7448812912859551
702,0.7971800466242024,0.7874802866139002
703,0.8660690264550841,0.7841812247887263
704,0.8394687641324975,0.7314881959011897
705,0.8628269359585907,0.7474669802582076
706,0.8585427400828807,0.7813832218592742
707,0.8282878123074222,0.749854219727882
708,0.8971910151028093,0.8205526028249371
709,0.828216378100128,0.8128207719010172
710,0.883392616452073,0.806327513417354
711,0.8299655027572779,0.761937828218436
712,0.877456765165664,0.8191230365487906
713,0.8410426335948341,0.7764190657420439
714,0.874793346300711,0.7842147546567091
715,0.8737337314635506,0.8046902420950026
716,0.8581564580730635,0.8111258048366877
717,0.8528505360277814,0.7790027859451544
718,0.8789619114544611,0.8192313229352725
719,0.8285413623217172,0.7566817362958249
720,0.8594178872120709,0.7903826384632584
721,0.8485983445315042,0.7660632899197779
722,0.8428322823158576,0.787479873145368
723,0.8904033545228951,0.8175763365695283
724,0.8608803898489676,0.7856104800041398
725,0.8722676196052505,0.7948209923483548
726,0.8766317603748826,0.7748609717068962
727,0.8532723867722664,0.7994487820904331
728,0.8594133426256156,0.7746138230856616
729,0.8409605807256936,0.7616209627368832
730,0.8414085329210902,0.7581352061391929
731,0.8484686488137088,0.7712693209238751
732,0.8760473337664038,0.7884543117769899
733,0.8246284386924689,0.7610380839375109
734,0.8728480970987,0.7826111648645518
735,0.8593981118155399,0.7651026967955098
736,0.8335895766498278,0.7498747743144039
737,0.8490688143352989,0.8109566584859984
738,0.8336021449241978,0.7250054889729696
739,0.8168025513565863,0.7349995451337288
740,0.8343187181583586,0.746845801592573
741,0.8859537365866286,0.8118893807185221
742,0.8255692273926546,0.7349766608260409
743,0.870754302304242,0.7839195677053208
744,0.8264400880459012,0.7668147882945846
745,0.8505377708349222,0.7587817651518753
746,0.8432249052727533,0.781444102175114
747,0.8528476552869667,0.7966619264313577
748,0.8644223656005031,0.7313320707638018
749,0.8508823577584244,0.7429948550935722
750,0.8713097977521922,0.7687570433484893
751,0.8544066741282867,0.7811145004599356
752,0.8737032854217756,0.8163828139222064
753,0.871818903303831,0.7957824069199093
754,0.8539977991348785,0.7737043777003182
755,0.880520807358451,0.7992831515337311
756,0.8563782186716412,0.7679677131073175
757,0.8692244240250626,0.8025543520215382
758,0.8575775853733346,0.7588455973677964
759,0.862464322610537,0.7732127801003342
760,0.8906600529722134,0.7953065370990132
761,0.8513965030687012,0.7537628577063759
762,0.8978741611338198,0.8252123584359399
763,0.8426852012891486,0.7650503906070555
764,0.8521114637633602,0.7861299606593504
765,0.8362478843312424,0.7360970513515841
766,0.8553665779565209,0.7953381423164394
767,0.8545452279917053,0.7653589476175994
768,0.8252647877473377,0.7883684304984262
769,0.85527068038359,0.7591144171025068
770,0.8595418958514167,0.8318823772286763
771,0.849381937253748,0.7593248252414859
772,0.8386347608995344,0.7527497751321228
773,0.8837088036344808,0.8094330992237321
774,0.8972788138669894,0.8007955994480245
775,0.8546970280022799,0.7251377912471296
776,0.8347703655853516,0.72064268860638
777,0.8552486198619846,0.7673781379980701
778,0.8265648828658675,0.7459802321491356
779,0.86030556084799,0.7755674439808827
780,0.8468994952843587,0.7740326378876801
781,0.8655675944173553,0.779578500334277
782,0.8584734303732572,0.760181445780123
783,0.8326107089296374,0.7530631535877755
784,0.8798898986981015,0.8125804000762397
785,0.868202130215167,0.7829646087271177
786,0.8766344564700307,0.8086351805565559
787,0.8850587653793553,0.7900465827915295
788,0.8004563313153579,0.7668980376616727
789,0.8549077116850152,0.785468308006641
790,0.8821766156592757,0.7943225132073032
791,0.8512854479606847,0.7695277581227066
792,0.8359226201071744,0.7428787381085625
793,0.868523194153319,0.746253350616312
794,0.8596337392914895,0.7756086005876714
795,0.8629136404466637,0.7878095398778836
796,0.8708483166076509,0.8065002635030831
797,0.8676254247802967,0.7876586234059909
798,0.8583016179276284,0.7935671204060406
799,0.8291186698202397,0.7510477009691175
800,0.8026001161706143,0.7450014711475261
801,0.8700561798077272,0.7363347734053622
802,0.8408350171312066,0.7805987683622138
803,0.8548143114450771,0.7871448945797638
804,0.8546416606122718,0.7576064528355049
805,0.8973045447859863,0.8137413644335894
806,0.8502522807929676,0.7666334177178031
807,0.8634480385273253,0.7752374727687249
808,0.8117911650800076,0.7627521581109881
809,0.8778454247776223,0.8195833621326408
810,0.865476912474092,0.7857839205840393
811,0.8559926446945288,0.7438815061039714
812,0.8447082623820745,0.7841416098877291
813,0.8272242650091806,0.7815410953278623
814,0.8959983817169098,0.7933819844059574
815,0.8452795980304251,0.7834973161268277
816,0.8833452647510575,0.8239453380552106
817,0.8807498202308103,0.8088008961942944
818,0.8368470942194154,0.7825267988755362
819,0.8458828726728868,0.7762384768795395
820,0.856230296290057,0.7731691877293827
821,0.8546416606122718,0.7576064528355049
822,0.834508872083375,0.7486163154041751
823,0.8291437558902515,0.7446324666332149
824,0.8304045520181638,0.7455110922179486
825,0.8363607719352747,0.7631700836752365
826,0.8565861473819106,0.785334063528014
827,0.8565348517132313,0.8401810853482244
828,0.8479960670109221,0.7819251566114609
829,0.8484865753664664,0.7410833467560194
830,0.8366018800168549,0.7781410032687959
831,0.8676263988066016,0.7816851692604778
832,0.8835365059069852,0.8149200355507498
833,0.8657683316192237,0.795404648400408
834,0.8648430163635948,0.8211317362405378
835,0.8947521758304323,0.8008011868367372
836,0.8884557110862498,0.7984526207422444
837,0.834508872083375,0.7486163154041751
838,0.866370773856655,0.7745164921003411
839,0.8572933095247036,0.7863981179696988
840,0.8714309078714552,0.8061730931428116
841,0.8401714860934096,0.7731931503038574
842,0.8466040043598463,0.714615538164422
843,0.867811930001299,0.7789636062664682
844,0.8750219933017712,0.7958178574505128
845,0.8847356798296173,0.7909084599429133
846,0.8596913514964298,0.7909526281764636
847,0.8353458792088967,0.7332523246379443
848,0.8636464201778854,0.7798152162801961
849,0.8429455753547468,0.775143129727606
850,0.8821906457017371,0.7918334083724468
851,0.8702961270448657,0.7668461839609355
852,0.862017365240758,0.7787468339610858
853,0.8401146444004186,0.7588900284994641
854,0.8776136960742222,0.8125186422019126
855,0.868260038540133,0.7922381230432834
856,0.8268081817806647,0.7398959729507266
857,0.8712288342828702,0.8085240573271442
858,0.885510871960594,0.8006058313468142
859,0.839193837772418,0.7841616539402299
860,0.8549791627614903,0.8038357391541769
861,0.8780426320789675,0.7877102608169944
862,0.8472421306228121,0.7683872532914194
863,0.8692690255099408,0.8105369007600856
864,0.8761468699294537,0.8098693091370387
865,0.8654373582797783,0.7774408496920401
866,0.8804858784729706,0.8083687961197389
867,0.8779809636194632,0.7752681926105339
868,0.8808711518378337,0.789092841608726
869,0.8328917772118254,0.7917725907557416
870,0.8190617075058513,0.719907568644393
871,0.8677935971574028,0.7845938021915049
872,0.873678552229057,0.7842969351958913
873,0.8839264513060128,0.768083753354762
874,0.9132771631485702,0.8161855494716499
875,0.8790627269218801,0.8021707938138996
876,0.8380512457527077,0.7488155587124078
877,0.8824263110370225,0.6934171420639533
878,0.8662162241290666,0.7798459695766409
879,0.8589051348564034,0.764822337216338
880,0.8493253134622493,0.7632617046088612
881,0.880763621431591,0.7855890298648739
882,0.8667338433362098,0.7838837553864515
883,0.8534399834389609,0.7637738780320549
884,0.8574678383012962,0.759424592431674
885,0.879633062158388,0.7862694604585521
886,0.8513030306367433,0.7816618014952988
887,0.8440508757106429,0.8102383333448071
888,0.8819568762845371,0.8025478255109957
889,0.870086284698064,0.7916138941194122
890,0.7686453060518242,0.7832714225210256
891,0.8467359666727704,0.7706402486545849
892,0.878101926088854,0.7937646393362863
893,0.8630141206250606,0.782742341679664
894,0.8634973817148738,0.7726036957281173
895,0.8842580909280423,0.7788232329902162
896,0.8961461975941789,0.8380216372607575
897,0.8405366247074715,0.7524476319133822
898,0.8606581840241975,0.7851907570483606
899,0.8405377737014754,0.7373141719694658
900,0.8682279497673266,0.7256638899705647
901,0.8834933282182563,0.7954024710402059
902,0.8177662863409567,0.7186429087215906
903,0.8653077231902222,0.7747433734838907
904,0.8476994872457692,0.7668041370804306
905,0.8773258476060221,0.8171077854221429
906,0.8427751604361038,0.7457744330521733
907,0.8550374534824916,0.7615773324128899
908,0.809879858023834,0.7280899466401238
909,0.8831772477705262,0.8078929262283605
910,0.876349863853259,0.8324381786495794
911,0.8548338194596158,0.7644997238106561
912,0.8774437736315751,0.7890803389865961
913,0.8638392021214487,0.7707167550692346
914,0.876906547705867,0.7782818153662022
915,0.8530879715337836,0.7508254546955924
916,0.8770590016938999,0.7804148790478787
917,0.8101467970216546,0.7547721467014608
918,0.8658685342614323,0.7834683242231238
919,0.876943917258799,0.7673978168998857
920,0.8535885337080147,0.7638461066322666
921,0.845512742220648,0.7480228889800715
922,0.8642861275944009,0.7793577494245656
923,0.880415040299181,0.8008565972472494
924,0.8653465696352362,0.7541874642777344
925,0.8317502151310037,0.7015208664844665
926,0.8170181070761493,0.7525135637316673
927,0.785783267005372,0.7129382402761097
928,0.8426425379211153,0.7554888777997846
929,0.8872506259896308,0.7773318762046206
930,0.8778823013999162,0.7771988489369956
931,0.8884799455479793,0.7945703774466415
932,0.8936802427723022,0.7595950198936334
933,0.8935799731020758,0.765186622306329
934,0.854823001665277,0.7760237108030189
935,0.8418474722135217,0.7142646750166547
936,0.8658982517052191,0.7719011897409913
937,0.8870568035699469,0.8144954807220832
938,0.8688459498979649,0.8021544641823121
939,0.8388618127218979,0.7555708442176666
940,0.8350274690555407,0.7597934396636352
941,0.8413163595167763,0.7623967771112351
942,0.8643417145738986,0.8104130937077504
943,0.8745615905875929,0.811534350295036
944,0.8762214551538648,0.8004192024499132
945,0.8325325182568727,0.7715907232475361
946,0.8910613996901603,0.7747410858824074
947,0.8489356897085004,0.7747762024338304
948,0.8693954783724626,0.7801447654235516
949,0.8603850965989218,0.7836946987909332
950,0.8719168731820472,0.7771196245601855
951,0.8618686429693045,0.7967712625296923
952,0.8700570144386829,0.8079199315225043
953,0.8789432811272759,0.8162251089997169
954,0.8723093520668388,0.7879758206375164
955,0.8573832169585799,0.7597847385775274
956,0.8804390328925608,0.8044780373461894
957,0.8412637472460313,0.7525312457968076
958,0.8972808944669868,0.7827457392192683
959,0.8657643163431032,0.7741757461198459
960,0.8824515860525729,0.787318632307704
961,0.8599087034702332,0.8116584785015006
962,0.8598992295375145,0.7537671720458263
963,0.878523115430117,0.8093948045266474
964,0.863913839612297,0.7518837514708477
965,0.8298085825226914,0.7434590995209751
966,0.8638841995249503,0.7668677372436735
967,0.8403863424991244,0.768838077885906
968,0.8629403791866398,0.7609554104825413
969,0.8480629437497995,0.7195533689011114
970,0.8356815731721304,0.7544826565906888
971,0.8762907298398411,0.7659849492623501
972,0.8398666009981037,0.7621775175403717
973,0.8686158612631847,0.7932666656630936
974,0.8582232234760324,0.7183327508605533
975,0.8550831725203057,0.7808912111012578
976,0.8591385353769319,0.7734508038959582
977,0.8423750449720449,0.7335137229213601
978,0.8427720122601643,0.7638316037669994
979,0.8574541846983705,0.7457749178182418
980,0.860126675765976,0.7826260580065486
981,0.8524572880195336,0.7701984207658005
982,0.8561015195134851,0.7564042663861305
983,0.8714584824957525,0.8035955601160532
984,0.8579319719799079,0.735842166855273
985,0.8587636997038279,0.8373404357351684
986,0.8800430687613261,0.8087163654174645
987,0.8743424025320885,0.8057650648863625
988,0.876581979081134,0.8045221920840339
989,0.8909539847457382,0.8113970055106727
990,0.8800093483997393,0.7931044428555151
991,0.839892348368452,0.7093545294726918
992,0.8835396338093532,0.8065349510278459
993,0.8733425979225584,0.7885034020600725
994,0.8378437345936909,0.7824720191470559
995,0.8107370497136206,0.744718758901626
996,0.866247264774066,0.7820470096361257
997,0.8294715900853707,0.7465174946479609
998,0.826533116254826,0.7559675594634379
999,0.850997070668127,0.7684976919868679
1000,0.8640936007703494,0.7767087567228297
1001,0.8755100179423891,0.7606903903317969
1002,0.8525263846304185,0.7654512213404181
1003,0.8621665928498804,0.7830148898104786
1004,0.8753601333147223,0.8248987448120594
1005,0.8493253134622493,0.7632617046088612
1006,0.8479245694487589,0.7884009726296491
1007,0.8474689165119824,0.7879115584770869
1008,0.8680697837573957,0.7797746018929498
1009,0.8537564465929044,0.7594764265422635
1010,0.8355457410176438,0.7626115047929736
1011,0.8692699428032731,0.8362824982564493
1012,0.850359672955663,0.7328306837015244
1013,0.8261918071594863,0.721696983437193
1014,0.8824795084573228,0.8112579517879814
1015,0.8646849241202539,0.7299961286728609
1016,0.8727870506486246,0.795874258310872
1017,0.8686623428992128,0.7694509942571792
1018,0.8634078216787762,0.7831852899668761
1019,0.8434157887360862,0.7634232235971493
1020,0.8651843616404336,0.7901626188367207
1021,0.8537738183819965,0.7663061484444418
1022,0.8725732388875723,0.7969416520567218
1023,0.865476912474092,0.7857839205840393
1024,0.866611460872229,0.8051159920099658
1025,0.8387194902125846,0.7690893095900346
1026,0.8873378836798527,0.8043176740084108
1027,0.9132771631485702,0.8161855494716499
1028,0.8752248111289549,0.809008905454003
1029,0.806220293669969,0.7519634534167934
1030,0.8702451624074109,0.779664651360394
1031,0.8577367809363503,0.7678934419878606
1032,0.8451935149193124,0.7686834299188899
1033,0.8516788635937552,0.7736750261724298
1034,0.8561198727735273,0.7376527200131467
1035,0.7927335436372415,0.7735351182647869
1036,0.8619827433594772,0.775270596243154
1037,0.8652797823198035,0.8528965696331938
1038,0.8603845833376212,0.7568002122887579
1039,0.8857213727906829,0.8111635633111122
1040,0.8653077231902222,0.7747433734838907
1041,0.879547552532107,0.7915125910679991
1042,0.8575583525835434,0.7583730777269306
1043,0.8170231911668059,0.7337788083356712
1044,0.8723602055796823,0.7858273243368776
1045,0.882123257882171,0.7757107413928425
1046,0.8534134019239871,0.8244085971287648
1047,0.8886222369182022,0.8318821994273803
1048,0.8428521169098806,0.807194320744568
1049,0.8567769484420097,0.7744444935138816
1050,0.8692564638813683,0.8004277092718928
1051,0.8902327261507286,0.7908478519540316
1052,0.8675050779637524,0.7799562479554708
1053,0.8620667559826282,0.7659941403380122
1054,0.8529665048072234,0.7769915575141095
1055,0.833909790288849,0.7608658580919391
1056,0.8715698094898119,0.7924219127210634
1057,0.8411632535580211,0.7550290061218587
1058,0.8593268873623298,0.7891051571171026
1059,0.8421832830811201,0.7792350450503036
1060,0.8204590635180281,0.7839457393586793
1061,0.8617756337902218,0.7742000521626862
1062,0.85079413897965,0.790577096019411
1063,0.8684611576343048,0.7739763956402095
1064,0.8513030306367433,0.7816618014952988
1065,0.863671885098674,0.7895182908208235
1066,0.8670955142686291,0.7736088058831292
1067,0.8864036734024132,0.8032108605342444
1068,0.8489642562277746,0.7584983879830051
1069,0.8808385847677307,0.8095203739132258
1070,0.8982472902255634,0.8256375357662807
1071,0.860689638180908,0.7719259660908028
1072,0.8816687646314052,0.8005007863611632
1073,0.8540939210916082,0.7141485779327716
1074,0.886573176088706,0.8074726074394877
1075,0.8437378379676942,0.7775854442586386
1076,0.8643948751244692,0.7886453420077878
1077,0.8423496161717117,0.7682665841531525
1078,0.8892808694719401,0.797334150636677
1079,0.8565623944753102,0.8011184852625509
1080,0.8458704592049014,0.7581082741609445
1081,0.8495339650902668,0.7637759711655155
1082,0.8590417417919597,0.7625267910927905
1083,0.8811863277714292,0.8211887842373317
1084,0.8732078187749864,0.7704005360966963
1085,0.8868755579209532,0.7977250684788835
1086,0.8694879342433876,0.7543601004331363
1087,0.820455755610648,0.7708010782908857
1088,0.8678680032157227,0.7807335397519335
1089,0.8590242425626637,0.7708628114308971
1090,0.8944937128563908,0.7879405051405058
1091,0.8463251321599997,0.7970052976959872
1092,0.8601055854573594,0.780917670359404
1093,0.8522543974563127,0.7503980965675473
1094,0.818994239641357,0.7320770136154082
1095,0.8744300791734075,0.8118369505880048
1096,0.8762424923123958,0.7711530518319304
1097,0.8611086450180102,0.7818763560683867
1098,0.8453456584451703,0.7385007723092027
1099,0.8461430067681653,0.8024392463540935
1100,0.8609814438620897,0.7977908779841891
1101,0.8370930876011435,0.7466846814483151
1102,0.8694407972607991,0.7929188372695106
1103,0.8232539981369068,0.741793639115482
1104,0.8499520441994265,0.7627717944620557
1105,0.8272270052565591,0.7623339872026682
1106,0.8312134659310115,0.8331951157954421
1107,0.8565398416335889,0.8014479575937786
1108,0.859181562462182,0.7194722473545587
1109,0.8710266236965045,0.7861914444713108
1110,0.8549728098426742,0.7779093192981749
1111,0.8612528398085497,0.8096361052609895
1112,0.8504775155493944,0.7794564871105774
1113,0.857263716219207,0.7464265881234486
1114,0.8623131544760579,0.7747973917453853
1115,0.8959637151486555,0.8126258979007243
1116,0.8053601210896618,0.7387331629770314
1117,0.856939244291623,0.7955306440280208
1118,0.8649579637049923,0.7781538263146488
1119,0.8684528985084214,0.7740235002850375
1120,0.8703565946334736,0.8122654548530779
1121,0.8555861588890465,0.7654088265780042
1122,0.8806244211996125,0.7851564723128382
1123,0.8912555921474723,0.8134784376594074
1124,0.8635406810754878,0.7801923273156139
1125,0.8743562186252438,0.7928810504443202
1126,0.8560387372705516,0.7822514536889916
1127,0.8660638471490707,0.8029473736079052
1128,0.8759065379047937,0.8066352272569265
1129,0.8782762361053753,0.7415057619630447
1130,0.8663228285715653,0.7548722451919572
1131,0.8340674895016161,0.7766529474171556
1132,0.8479473979105245,0.7645023437391391
1133,0.8412234795059014,0.7687300734133
1134,0.8788348160071271,0.8412006365528365
1135,0.8745473203979021,0.8246222292121943
1136,0.8559605305671828,0.767529726677135
1137,0.8497584415655974,0.7830366065960028
1138,0.8467743018870106,0.7554374120745679
1139,0.8456563213105817,0.743099779630632
1140,0.8815392107164669,0.7635460473939665
1141,0.8354042322436257,0.7417906940640585
1142,0.8432572820851572,0.8050429728040227
1143,0.8491786311782823,0.7678154556241767
1144,0.8570997492290764,0.7528426966121174
1145,0.8452204921603662,0.7772849770726199
1146,0.8896313707395329,0.8504946298402966
1147,0.8650990109821888,0.7802949034778822
1148,0.8537660188671179,0.7569078500507446
1149,0.8321414143047378,0.7485321901477525
1150,0.8542261093997361,0.7966339326720442
1151,0.856103338199957,0.7821069927120439
1152,0.8685388621645115,0.7441111976900816
1153,0.868131602110668,0.8116646717075018
1154,0.9022147424138911,0.8182803784178861
1155,0.9098647136179354,0.8047143009474106
1156,0.8656660487023775,0.8221995753036733
1157,0.8641573273029409,0.7616107205450604
1158,0.8890636103221574,0.8137883100444567
1159,0.891819390935478,0.8338649751537348
1160,0.875839625967955,0.7900432141591545
1161,0.891766550301699,0.8450754902092634
1162,0.8541281820880395,0.7993084896728447
1163,0.8016522461003305,0.7236476109993562
1164,0.8630686794137337,0.7635744246362288
1165,0.8805005298361921,0.8006033275414802
1166,0.838581053689429,0.7609994593523741
1167,0.882029795265282,0.7831051582315635
1168,0.8621943135604988,0.7701628482583694
1169,0.8634334662436335,0.7878966703307331
1170,0.8538800045440013,0.8001026923166217
1171,0.8767886575730839,0.7852664062863681
1172,0.8533459755922315,0.7617639866307033
1173,0.8841189495075102,0.8151757779417661
1174,0.840069743724239,0.767387749499984
1175,0.8654229717558107,0.818056021384403
1176,0.8673538354274073,0.7958013419754644
1177,0.8460678306823899,0.7936481203640481
1178,0.8664885536272487,0.7861446060799504
1179,0.8710634642636135,0.7916001782120626
1180,0.8890277124547615,0.7951886806909726
1181,0.8610743366979102,0.7595915689549679
1182,0.8248543622854283,0.7833825108563252
1183,0.842734474752057,0.7644991610898018
1184,0.866258584191675,0.7946919521330077
1185,0.8237088686355037,0.7527724543326342
1186,0.8451092335932325,0.7614860779805507
1187,0.886327809741616,0.782251090856406
1188,0.8653631192204427,0.787598027083464
1189,0.8729126204961549,0.7778848026657611
1190,0.8833131314368153,0.796132427794855
1191,0.8826019244813719,0.8033893982081957
1192,0.8719342928096537,0.7842172322820736
1193,0.8766416993896121,0.7860962363836335
1194,0.8125725744724784,0.7510568458746988
1195,0.864969990902551,0.7154123328811399
1196,0.8682895766789517,0.7557716747565436
1197,0.8657356938571974,0.8243460665199049
1198,0.8913085807850915,0.807757505548274
1199,0.8779901798519967,0.7816856622769928
1200,0.8808227285140783,0.7986219446688562
1201,0.8992814147525624,0.7924024213658781
1202,0.8875722680432212,0.7987669897281192
1203,0.8845319726339506,0.8264761534783314
1204,0.8693295949650035,0.7751014405207515
1205,0.8670803575119315,0.8107778325257897
1206,0.8475371113758161,0.7911288310806119
1207,0.8578704649385189,0.7741062769325666
1208,0.8285078521423411,0.7635754672429287
1209,0.8706026379187631,0.8015359408094712
1210,0.8798607145515661,0.8096686077911628
1211,0.8263071284687621,0.7357386301330332
1212,0.867812538095889,0.7937026439860374
1213,0.8133575674812893,0.7448650696703195
1214,0.8154168872537192,0.751758493892513
1215,0.880460681050113,0.7778368722334495
1216,0.8645023209923162,0.7937491249211045
1217,0.8700501735900326,0.8045420859746223
1218,0.8593848377159778,0.7870876052532177
1219,0.8494263110720562,0.8063831699507616
1220,0.8176050552883215,0.6869581640955947
1221,0.853482465704745,0.768701772398849
1222,0.9055775512554594,0.8308420449059359
1223,0.8268224459960162,0.6950605296546641
1224,0.8677364845367783,0.8410884655092653
1225,0.8928895133428699,0.8196689693313581
1226,0.8634944877467904,0.7942388883669402
1227,0.8308996939062603,0.7312246141776371
1228,0.8597310196030499,0.7815067684545706
1229,0.8396433963613326,0.7562330770326695
1230,0.8388956604986735,0.7647822677078341
1231,0.87679686743063,0.768759759692508
1232,0.8612608228010924,0.7850616322755622
1233,0.8692344901070106,0.7832593223199682
1234,0.8540517066940498,0.7726568976482764
1235,0.8728577216129773,0.7752526178187412
1236,0.8376222003438254,0.7256403166204062
1237,0.8717946737512576,0.787321608299717
1238,0.877292328613453,0.7842455953903786
1239,0.8613665906520924,0.7862843887267744
1240,0.8526493811498866,0.7654006555796855
1241,0.8586858442619486,0.8106847552586601
1242,0.8841458966434566,0.8282660375600674
1243,0.8547813388890743,0.7680351801457922
1244,0.862601728738754,0.792793615982889
1245,0.8610827085385956,0.7876139346280373
1246,0.8808181314909221,0.8165848869583212
1247,0.8948494209760695,0.8176732872253792
1248,0.8705476155870678,0.7997363575391321
1249,0.832095163757446,0.7560555823425108
1250,0.8534128912658001,0.7715095723056445
1251,0.8693385973757735,0.7485708701890549
1252,0.8792180556303943,0.7937801479500218
1253,0.8623171161025686,0.799752259695513
1254,0.8757324505687911,0.8128550374015163
1255,0.8597473722985794,0.7930761026460791
1256,0.8868123166449319,0.80407821675688
1257,0.8821352337054292,0.7899493516644115
1258,0.853950924551486,0.765385483892952
1259,0.8521620922911414,0.7758404662095818
1260,0.8392063075260627,0.7428769510085159
1261,0.8612326606208397,0.7770832778810283
1262,0.8955319479811424,0.7623036812680649
1263,0.8861861218447907,0.7984740695627344
1264,0.8674077257488035,0.7983751823974821
1265,0.8692780949127804,0.7548173466823793
1266,0.8691842103948999,0.7709241822164203
1267,0.8548830027499466,0.8060473923504323
1268,0.8184281071385925,0.7442137757555841
1269,0.9103790165129583,0.8376430937151431
1270,0.8297043411276583,0.7662392329006994
1271,0.8794994222744665,0.7834400198228515
1272,0.8617335065916661,0.7525807329251497
1273,0.8306807117959614,0.7522766650756794
1274,0.878864719401947,0.8216071721428424
1275,0.8432522938981084,0.7546707223607877
1276,0.8724219278813002,0.806651934338706
1277,0.8562519324434076,0.765231861341703
1278,0.8576663942326448,0.76118463337746
1279,0.8584889194827069,0.7151060817099458
1280,0.8785986980478092,0.7798206770383065
1281,0.8549827434247432,0.7758638121542997
1282,0.8969963346349447,0.8144631473573309
1283,0.8508551524513097,0.7927503723884614
1284,0.8737337314635506,0.8046902420950026
1285,0.8845927394263593,0.789871276117822
1286,0.8863206216324644,0.7663198095270848
1287,0.849815765514704,0.7569210688104131
1288,0.8916847460977152,0.8005292892649054
1289,0.868412471354368,0.7960275483081972
1290,0.8605222076599038,0.7373679359778857
1291,0.8800641330764261,0.8092359351106939
1292,0.8471779775961934,0.7850386894861334
1293,0.8369182175530429,0.7674735088728354
1294,0.8697689482179207,0.8130998032496672
1295,0.8658109706700375,0.7874226320812435
1296,0.8056241044750461,0.7419965751806766
1297,0.8487593307478724,0.7548411971438896
1298,0.887789280200237,0.8127119381870218
1299,0.8756256377874114,0.7581137269057754
1300,0.8465855568616065,0.801498047345994
1301,0.8429455753547468,0.775143129727606
1302,0.8339031688069322,0.7830825007792545
1303,0.857626542666167,0.7515489184951754
1304,0.8765720251724042,0.808828142346518
1305,0.8263930510641087,0.73704401988514
1306,0.8494522028372105,0.7508238839884179
1307,0.8247836703200269,0.7531576334699298
1308,0.848100383491278,0.7418931753537832
1309,0.839919187840588,0.7571727444930397
1310,0.8724004571562545,0.7602776292026143
1311,0.8537738183819965,0.7663061484444418
1312,0.8653303065168887,0.7770079906949247
1313,0.8541387134095841,0.7813288164772358
1314,0.8475166365632191,0.7622542529831868
1315,0.8428231981496336,0.7761514993971189
1316,0.868033327172092,0.7928859245828042
1317,0.8738900029459039,0.7729373381377168
1318,0.8381136928698005,0.7412255965231876
1319,0.8291186698202397,0.7510477009691175
1320,0.8422467704375195,0.7649610209912514
1321,0.8642691870981035,0.8133223047532507
1322,0.9037026011463607,0.804715685469606
1323,0.8629968859573266,0.7888421276260936
1324,0.8761731470730374,0.7939715404046305
1325,0.8573539179917867,0.777888493757358
1326,0.8922168321560284,0.8335008678464251
1327,0.8436030897332714,0.7662729270684255
1328,0.8711639351098628,0.7734914970839889
1329,0.8597307543768862,0.7836813091157036
1330,0.845317626399412,0.7353639795825188
1331,0.8381136928698005,0.7412255965231876
1332,0.8929244810909903,0.8376880724111118
1333,0.8859973488039489,0.8218516916980364
1334,0.8664244858905414,0.8009404046077697
1335,0.8723751195099174,0.7786898354599274
1336,0.8943301315211056,0.7964418754969587
1337,0.8641906333449757,0.8267543324170747
1338,0.8514264881487312,0.7627999579841138
1339,0.8333532952925233,0.7282425444995553
1340,0.8660451549129075,0.7699627701168065
1341,0.8957612516253911,0.8042035354476527
1342,0.8471825252384304,0.7916887467500306
1343,0.8916813980308697,0.8215676606012879
1344,0.8667194133509009,0.7866395290156053
1345,0.8758527100798668,0.7873350666560035
1346,0.8741828046107257,0.7965162852587923
1347,0.8696228664074049,0.7917217381915379
1348,0.8232805783466268,0.7541608444387081
1349,0.8673229252466662,0.8033785260978035
1350,0.8562486854205111,0.7613032658902615
1351,0.834775507175158,0.7380259023449105
1352,0.8182220802692396,0.7707506626747948
1353,0.8406403225480897,0.7770650078194178
1354,0.861524578068951,0.7785705965263662
1355,0.8658998928224217,0.7946321413203374
1356,0.8670666907140192,0.7872742417994034
1357,0.8621962448121139,0.7954063902048426
1358,0.8575777810521376,0.7855685957334673
1359,0.8651021280387632,0.7858156496864062
1360,0.8439012410033613,0.7460111375581518
1361,0.8995362728814961,0.803053620268178
1362,0.8270725866960955,0.7630197209350674
1363,0.8586314431940635,0.7442528526970946
1364,0.8429855297237356,0.7866693317354454
1365,0.8555769927296188,0.7943505753100755
1366,0.873352953680613,0.7764637777760831
1367,0.8736744221143276,0.7597000324316204
1368,0.8535343364056213,0.7532662130752689
1369,0.8335399424537634,0.7572954548543176
1370,0.8679051819031584,0.7746961763942164
1371,0.8598746447411636,0.7809501293829755
1372,0.8482087551246575,0.7592075721209092
1373,0.8885322311961688,0.8456614831254601
1374,0.8338335367492425,0.7492672784059821
1375,0.8578866665131496,0.7685965412944865
1376,0.8518884321410609,0.7368007463108949
1377,0.8733967720579615,0.8006697846256026
1378,0.8848445743213504,0.7770631939401633
1379,0.8151544505258721,0.7410459374892251
1380,0.8877483881975785,0.7576236352954747
1381,0.8869405998588376,0.8022677426533297
1382,0.8873936129723015,0.7725002380831781
1383,0.8703128175666015,0.7878171900713552
1384,0.8811387556270313,0.7995427408910681
1385,0.7646238076049005,0.701060310547389
1386,0.8633742578908735,0.7844888710351027
1387,0.8368017350873639,0.7579225415821892
1388,0.8290222565733344,0.7217042187194472
1389,0.8537738183819965,0.7663061484444418
1390,0.86283785799911,0.804191396741432
1391,0.8692564638813683,0.8004277092718928
1392,0.8854738620473658,0.8071175391502322
1393,0.8391509585072046,0.7818800729570048
1394,0.8708079274057786,0.7895550230109006
1395,0.8772850475494636,0.8046185851005967
1396,0.8544094557794463,0.7648071469963407
1397,0.8648984527554892,0.8078150537590888
1398,0.8458008593518257,0.7609030900914373
1399,0.8182401365772701,0.7324389903452122
1400,0.8896647874654079,0.7810730865196014
1401,0.8528116027233529,0.7797834884451226
1402,0.8777686005748491,0.7669272929671895
1403,0.8684718194370076,0.7892444343312579
1404,0.8546442792607108,0.7478845866209731
1405,0.8782056071194446,0.7993085282425221
1406,0.8758471839870966,0.7657686869908362
1407,0.8651362566418576,0.768974776337019
1408,0.8769828416126884,0.7941671365396731
1409,0.878130470461772,0.861795878421226
1410,0.8410266134711925,0.765571119909479
1411,0.8835165248633307,0.8479911903939846
1412,0.8613420514826671,0.7688699899794477
1413,0.8696970389015989,0.7814929341445083
1414,0.847701562728687,0.7955927070598775
1415,0.8604189913399305,0.7876514762561051
1416,0.8759236692542393,0.8233120881939958
1417,0.8745395967237101,0.7970398699788864
1418,0.8380911045834202,0.7783864951693975
1419,0.8549834280349788,0.7771240156455274
1420,0.8656857001399294,0.7840739115281957
1421,0.8543419886609384,0.747350497771971
1422,0.8559396195032846,0.7546469860588068
1423,0.8617904902717636,0.8047574642722194
1424,0.8299475751316449,0.7427531773506834
1425,0.8659221706513279,0.7867443666553394
1426,0.8955319479811424,0.7623036812680649
1427,0.8732981337788783,0.7871528711026706
1428,0.8491483579864542,0.761851416889957
1429,0.8631987620459929,0.7845552717467461
1430,0.8658924507209436,0.7615638687535898
1431,0.8972773133316607,0.844905733099985
1432,0.8505028966471608,0.723105069715139
1433,0.8462449669614396,0.7775364703520445
1434,0.8589986008563217,0.7905758136430416
1435,0.8612709576869008,0.7942191891865099
1436,0.8836187589524982,0.7832409400529415
1437,0.8908475088510294,0.7971867722697717
1438,0.849589855827691,0.8032205500920592
1439,0.8508747008527519,0.783332971116648
1440,0.8679570506993299,0.8167303718324241
1441,0.8687254513141913,0.7845463680657683
1442,0.8528629866566988,0.7517101134930027
1443,0.8162030025515767,0.7242200318933101
1444,0.8742964334605403,0.7955177502086209
1445,0.8730536466547154,0.7936158410152788
1446,0.8406709497826996,0.7657189060043363
1447,0.8639361895657222,0.7697559384281396
1448,0.8297791261275917,0.7829044555092514
1449,0.8630489641574954,0.7980920122856004
1450,0.8855482621401216,0.7779132786523786
1451,0.8307172446488059,0.7876683473917985
1452,0.8559105735463325,0.7895247038768103
1453,0.8558275580413177,0.7721095498191411
1454,0.8599561256653961,0.8042102673197592
1455,0.8742871652148517,0.8079844800283769
1456,0.8766091670239944,0.8029251351150031
1457,0.8478464146173378,0.6985933777409296
1458,0.8776476667836183,0.7804189095561862
1459,0.8776806426421111,0.837085272170173
1460,0.8619122121181949,0.7763489702788574
1461,0.8918303558852735,0.8231998760687059
1462,0.8765110415407698,0.7944799263382134
1463,0.8829377859172862,0.7918607058386457
1464,0.8693907679871666,0.7982618417419753
1465,0.8525263846304185,0.7654512213404181
1466,0.8402674907050004,0.7219925910019935
1467,0.8315057517235255,0.7599822128779725
1468,0.8556875748010865,0.7518656772807951
1469,0.875649537500138,0.7684838965718095
1470,0.8381136928698005,0.7412255965231876
1471,0.8053692541555912,0.7458523565997072
1472,0.8991180035139076,0.8086322572729817
1473,0.8830814832455846,0.785875556930633
1474,0.8854545604180069,0.7808228189352272
1475,0.891871585587923,0.8009000206122321
1476,0.865476912474092,0.7857839205840393
1477,0.8520323856127445,0.7625685899963102
1478,0.8657956693323734,0.7923781646993648
1479,0.8128115041357851,0.7191500227019659
1480,0.8375979490644522,0.8118827136224416
1481,0.8797998524619112,0.7809142865918561
1482,0.8049827652809064,0.7109728970540445
1483,0.874146365012471,0.792968728085561
1484,0.8727870506486246,0.795874258310872
1485,0.833727468783491,0.7549342379764998
1486,0.8737666151910661,0.7621142034241012
1487,0.8607992726780656,0.7536686057487834
1488,0.8829489365127585,0.8055993238594108
1489,0.86654812303816,0.7798256789950511
1490,0.8446933432025491,0.7531557693479602
1491,0.8922599249348375,0.8112704226386876
1492,0.8691490894110043,0.8313575679674521
1493,0.8411836847943128,0.7426623559686618
1494,0.8633024503323563,0.797696537552695
1495,0.8598566380663447,0.7936854383150491
1496,0.8625991639138572,0.7305956418562064
1497,0.8355557628776822,0.7655940630754633
1498,0.8689909142831888,0.7970860961283999
1499,0.8694237389153687,0.8121118276887812
1500,0.8590119590518986,0.7800659601231029
1501,0.8698819378013987,0.7782807069660188
1502,0.8020285758700612,0.7688480781526883
1503,0.8722623647967407,0.7897432358459666
1504,0.8830936198211482,0.7664984045813451
1505,0.82736874174837,0.750052593571391
1506,0.8780886006654088,0.7981201767632914
1507,0.889676543455352,0.7869290472215926
1508,0.869296632197945,0.7997438206741463
1509,0.8925398113024696,0.8027848647794067
1510,0.8644806618492483,0.7827314232908302
1511,0.8540280420638753,0.7771982473873569
1512,0.8744467325857088,0.7740206076619143
1513,0.8521886113571447,0.7353622168873761
1514,0.8846056207319571,0.788635727841728
1515,0.858158648805399,0.7884956855839822
1516,0.8727189026772777,0.8042087788243013
1517,0.8379676162547257,0.7822374952895668
1518,0.855653696484115,0.7808681097290653
1519,0.8635019028415126,0.7911847855779296
1520,0.8262781305118194,0.7419725442996262
1521,0.8709959058723391,0.8070508719288764
1522,0.8387751594209283,0.7807676447565137
1523,0.8468536716513897,0.7669754246583802
1524,0.8610250205066543,0.8027745269371714
1525,0.868202130215167,0.7829646087271177
1526,0.8502500875578347,0.7647769401011069
1527,0.8684592472949813,0.7989073866610029
1528,0.8652118860252912,0.7526354678067658
1529,0.8855348532874352,0.7695181559599982
1530,0.8741853159236062,0.8024555652666349
1531,0.8798104424615814,0.8340025104827637
1532,0.8886222369182022,0.8318821994273803
1533,0.8567001251578116,0.7497791959803135
1534,0.8325642685303938,0.7877987416449272
1535,0.860261472155086,0.777931852962201
1536,0.9110343691874652,0.8160335482887769
1537,0.8376595482058271,0.8010412485833811
1538,0.8651923461174568,0.7819598029414758
1539,0.8862833563538193,0.7976545104405194
1540,0.8581096691072108,0.772167242817176
1541,0.8628454831636513,0.7940637873796684
1542,0.8416822158944204,0.8149007552405756
1543,0.8595716819833658,0.774206450368387
1544,0.8360145014199089,0.776434755225303
1545,0.8566101825994605,0.7863903194793411
1546,0.8685776887391776,0.7850861225028357
1547,0.9132771631485702,0.8161855494716499
1548,0.8425970820910581,0.7859576453025743
1549,0.8798807513858571,0.7973311151174077
1550,0.8465855568616065,0.801498047345994
1551,0.8781386277066172,0.7962105794618937
1552,0.8433006014130976,0.7679897295001247
1553,0.8684592472949813,0.7989073866610029
1554,0.8776533254397078,0.7995227716710094
1555,0.8811536545385263,0.8198673392865252
1556,0.8587437706320536,0.7944418444861513
1557,0.8562084753687778,0.7925305423530178
1558,0.8894259989418093,0.8526871094268484
1559,0.8460820624053098,0.7697975477674451
1560,0.8599927818662304,0.7664103929732327
1561,0.8600831689980598,0.7730239114833378
1562,0.8595945980936661,0.7934053664026613
1563,0.8380188789161321,0.7644431558972744
1564,0.8814172606169116,0.8064996130537336
1565,0.7926704922011647,0.6868343953931724
1566,0.8481759769749107,0.7557264604893937
1567,0.8497651409720349,0.7624999649199514
1568,0.8297048931931827,0.7975256840943913
1569,0.8641374513617647,0.777111766601285
1570,0.8291789906642946,0.7384831955721689
1571,0.8550663062673042,0.7848615283287141
1572,0.8486164603430314,0.760017911345299
1573,0.8543123377866088,0.7669073010061914
1574,0.8552557212524454,0.7814508090122422
1575,0.8705879852348037,0.7563823494742451
1576,0.8678404815486741,0.8030564330607335
1577,0.8390806838610669,0.7236417869636826
1578,0.8754666663331894,0.8367531506907601
1579,0.8684472414133482,0.7924973149408783
1580,0.8014409005634774,0.7263918871513095
1581,0.8471025402551081,0.7502028180849428
1582,0.8350252725143393,0.7370977016412751
1583,0.8469537093350533,0.7499353016837984
1584,0.870788256412376,0.7795364018836515
1585,0.8708944152505619,0.8033887792157508
1586,0.8703482547444596,0.762955259644714
1587,0.845098955047292,0.7729265455786528
1588,0.8379016102540968,0.7595053031395176
1589,0.882050002218738,0.8317180043077269
1590,0.83937705122117,0.6925299480199207
1591,0.8381893037207474,0.7491467315218732
1592,0.8551959248784493,0.78112355687117
1593,0.8386057614769293,0.7697919399368004
1594,0.8754081094802154,0.7856064962659215
1595,0.8857286762007154,0.7679919678210709
1596,0.8517579162161676,0.7657683754383102
1597,0.862712397213312,0.7806709560159396
1598,0.8969949008937357,0.8012251149713376
1599,0.8681459362795865,0.7894878248204752
1600,0.8570751022838838,0.7720083858935386
1601,0.8339702173545368,0.7581066454131031
1602,0.8396433963613326,0.7562330770326695
1603,0.8716289560191272,0.8112242443756397
1604,0.8191032014363936,0.7534308737830214
1605,0.8879798870267048,0.7760966708856567
1606,0.8726428112953326,0.8126256109223978
1607,0.8426474627615606,0.7603532389416578
1608,0.8752160910615127,0.7730216680118576
1609,0.8226101587807498,0.7004963361966747
1610,0.8561635728809698,0.7781006632016607
1611,0.832705813170703,0.7995790255557123
1612,0.8846692300157715,0.7818432092221016
1613,0.8745830982551716,0.8396099681731765
1614,0.8460608469645517,0.8047283374948618
1615,0.8746521293972369,0.7986320008623322
1616,0.8710634642636135,0.7916001782120626
1617,0.8523829830281588,0.8090189613718597
1618,0.8441203381018723,0.7764409181840874
1619,0.8287679995468641,0.7477297051209131
1620,0.8467327255269489,0.7557626844828664
1621,0.8682220528381425,0.7559266032212826
1622,0.8779155529134219,0.7801648432585266
1623,0.840069743724239,0.767387749499984
1624,0.8361963920314298,0.7291528737512927
1625,0.8383500404747735,0.7670293923857455
1626,0.8463993595549624,0.7494062817242755
1627,0.8537738183819965,0.7663061484444418
1628,0.8758253419964012,0.8005192812648555
1629,0.8604621919008233,0.7592357890820504
1630,0.8622884593652435,0.7962872485124065
1631,0.8448232652803914,0.7903168898840187
1632,0.8747736606804405,0.8044380261831461
1633,0.7585672220533568,0.6979606245377412
1634,0.8931041945001342,0.799606566400328
1635,0.8423547512108195,0.7700502972235798
1636,0.8837719737708065,0.7949272839539898
1637,0.8353007566444673,0.7393520844539155
1638,0.8934444170519804,0.7944136970220859
1639,0.866370773856655,0.7745164921003411
1640,0.8481916964570295,0.7692719216265735
1641,0.8828743000768794,0.7930760425217853
1642,0.8755652239207211,0.7997728891203519
1643,0.8771888300231718,0.7902983699818751
1644,0.8221797033695082,0.752491429360445
1645,0.8787045192187941,0.778090179562598
1646,0.7881674672185142,0.6681235744148077
1647,0.8739104065887636,0.7840742217281541
1648,0.8689788623277449,0.7945350309994416
1649,0.8808536601539916,0.8095767603966579
1650,0.8584700214745637,0.7533702832785153
1651,0.8677144283585512,0.7628414963422542
1652,0.8653077231902222,0.7747433734838907
1653,0.8489950985949615,0.7591204660353346
1654,0.8459148681714476,0.7844166875249777
1655,0.8742896866219156,0.7966658742759394
1656,0.8729250739501608,0.7795056529528303
1657,0.8525218098825769,0.7391567379450168
1658,0.8720281412743073,0.7916822573562711
1659,0.8642098786009688,0.783535130204175
1660,0.8710757846345113,0.773039212037146
1661,0.8645681198605538,0.7905157724540226
1662,0.8724814335177442,0.801655853358027
1663,0.7978864164277858,0.755771599494736
1664,0.8831306767929789,0.7958851448321466
1665,0.8752850076471734,0.7923129666507153
1666,0.8543729749889319,0.7335069410152635
1667,0.8895566486349844,0.7729854322499045
1668,0.8673270544902265,0.7954654474681571
1669,0.8781766414115338,0.787876996120539
1670,0.8535491483123377,0.7759895639284536
1671,0.8586423280081212,0.753859636796536
1672,0.8387331118360882,0.7558594085384004
1673,0.851397120883625,0.7014284748385816
1674,0.8524628713336346,0.7712997003501012
1675,0.8574157900865937,0.7657181930527805
1676,0.8609014372905264,0.7421004660276105
1677,0.8239874295078635,0.736558623251694
1678,0.8654218511992833,0.7890793845000366
1679,0.8344485020452138,0.7677298769575037
1680,0.8743367432794629,0.7937231174517383
1681,0.8492173206682823,0.7763438103194149
1682,0.880632131649391,0.8136363931682565
1683,0.8829924263210059,0.7917630319456049
1684,0.852648984881787,0.7748887487127905
1685,0.8439757810862436,0.7405826890131083
1686,0.8513783778808395,0.7716910335947865
1687,0.8699821984265512,0.7670591406666564
1688,0.843519538680015,0.7361746776399083
1689,0.8875820029601625,0.8129069202723631
1690,0.8701574507140898,0.8036965946269065
1691,0.8670993041100676,0.79030449406465
1692,0.8603868486293313,0.7636891331206572
1693,0.8629232973405788,0.7711630000445785
1694,0.8599087034702332,0.8116584785015006
1695,0.8668227155109031,0.8094200306019357
1696,0.8574327649730339,0.7426278892725994
1697,0.8538117634182962,0.7209139782976876
1698,0.8236326986923966,0.7641921498969628
1699,0.8818603267676131,0.8490947213578295
1700,0.8686158612631847,0.7932666656630936
1701,0.8475090827861953,0.7692496415454372
1702,0.8651845835214048,0.787719555484537
1703,0.8508461267972425,0.7747296619736881
1704,0.8793432149028948,0.7890558329424108
1705,0.8935049375317716,0.8384731797123524
1706,0.880293743370183,0.7702969073351629
1707,0.8550447882531568,0.7826347112619502
1708,0.8465855568616065,0.801498047345994
1709,0.85079413897965,0.790577096019411
1710,0.8477968219236116,0.7587500602133461
1711,0.8665700453336611,0.7869678469243014
1712,0.8561944257235174,0.7601128186915704
1713,0.8228197916346384,0.7653664294898899
1714,0.8628987101122169,0.7762828781444524
1715,0.8716192270547034,0.7800621013507297
1716,0.8611292399309965,0.7938219337848731
1717,0.8482339378519892,0.772206136048733
1718,0.831557313796175,0.7736246493503952
1719,0.8151704985914389,0.7764231331532706
1720,0.8542411832274864,0.7684872366584804
1721,0.8653077231902222,0.7747433734838907
1722,0.8612370848936232,0.7748823778989463
1723,0.8660181631813123,0.7897789566410528
1724,0.8315130512977182,0.7909863522194907
1725,0.8485118980259077,0.7614645779001712
1726,0.8742321553140299,0.7745900532820037
1727,0.8684091078402044,0.8021218446363694
1728,0.8637799384586968,0.802353264216036
1729,0.868317025936797,0.749757299558889
1730,0.8143075099953774,0.7502047699078875
1731,0.7890151082279251,0.7646929610330226
1732,0.8252490598427463,0.6717412579814082
1733,0.8971657214635256,0.8241439152010684
1734,0.8572078961621475,0.7946195648304437
1735,0.8691937109996741,0.7826570747181155
1736,0.8570900971493836,0.7667897171149931
1737,0.8593722300961064,0.7632001048871794
1738,0.9151671283805212,0.8034110517950885
1739,0.8548660595567996,0.7773604730052361
1740,0.8504722340371222,0.7618200651840351
1741,0.8804371440475073,0.754595853268921
1742,0.8548177675476033,0.735491431676023
1743,0.865493636679541,0.6904617963855636
1744,0.869364790228185,0.7991954699083027
1745,0.8450469921138829,0.7522995771881228
1746,0.8771132792568417,0.7785599648807573
1747,0.8850283072193478,0.7883399172169587
1748,0.8336281258316418,0.7989908341659325
1749,0.8562446229274423,0.7825748998600048
1750,0.8881366959370819,0.8222947114237996
1751,0.8813106473185525,0.798622385931369
1752,0.876047677214337,0.7859336984487187
1753,0.875961652770594,0.7929215843786996
1754,0.8679955594840546,0.7564536286468438
1755,0.875868875428356,0.7577989495794258
1756,0.8519859704219221,0.7772344649861437
1757,0.8791862064451104,0.7975054425075021
1758,0.8792628030912951,0.8111646472733696
1759,0.8601936295264317,0.7797395535693296
1760,0.8769890065098374,0.7997647394468625
1761,0.7987763575806152,0.7718123213633791
1762,0.8495261497682233,0.7752689401888722
1763,0.8761952865549597,0.8119742863361423
1764,0.8136589105159882,0.7356792745704565
1765,0.8410426335948341,0.7764190657420439
1766,0.8289415278236427,0.756223233696528
1767,0.8547889686874366,0.8059317012908305
1768,0.8917783144808544,0.851988728299186
1769,0.8692600052825159,0.7921033814887916
1770,0.8600872589558874,0.763070787046664
1771,0.8365643729001678,0.7348697540221892
1772,0.8209872117842002,0.7410950139600665
1773,0.8540827377216802,0.8147575783613218
1774,0.8459000175442211,0.7651376170480625
1775,0.8660700758500012,0.7758109107645336
1776,0.875161308112171,0.7722733996480083
1777,0.8435165360293521,0.7738407801235307
1778,0.8666822404630814,0.768771717547411
1779,0.8612359031318086,0.8216230311666778
1780,0.8818027892771408,0.7981251108794801
1781,0.8586582001939398,0.7801286591652913
1782,0.8620269973517021,0.77677513729195
1783,0.8515420398486933,0.7583070099867976
1784,0.8749935282731254,0.8014703288410188
1785,0.8293749946381331,0.7666575099464159
1786,0.8691937109996741,0.7826570747181155
1787,0.8856703670260413,0.8082069733140869
1788,0.8526057402467597,0.7570640482209947
1789,0.8365111959321975,0.7577409506854953
1790,0.8429326238403989,0.7270174516156096
1791,0.879085168730223,0.7680908477187149
1792,0.8429347134096229,0.7639698199220062
1793,0.8581300789561821,0.7543223353510393
1794,0.8500730582609098,0.793731843983399
1795,0.891759474385923,0.8159540994381544
1796,0.8540939210916082,0.7141485779327716
1797,0.846095303920902,0.7637407373638181
1798,0.8233682082542206,0.7687343524640127
1799,0.8369182175530429,0.7674735088728354
1800,0.8601007580290684,0.7740688459171279
1801,0.8479947601351642,0.7571466038786397
1802,0.8839346731723843,0.8193596272714047
1803,0.8774069343802959,0.8022757452278568
1804,0.8710634642636135,0.7916001782120626
1805,0.8787045192187941,0.778090179562598
1806,0.8742162588988838,0.8095300400180337
1807,0.88473973341603,0.7979091423537285
1808,0.8555106814774946,0.7989585296670191
1809,0.8548143114450771,0.7871448945797638
1810,0.8461763989975184,0.7315361399572773
1811,0.8619433141241433,0.7841241509236471
1812,0.8611918815668537,0.7735371198727669
1813,0.8565309418466676,0.7745651148378927
1814,0.8509861258971129,0.7932574098939292
1815,0.8530405004558035,0.7961595746429526
1816,0.8368173467218742,0.7490616641125638
1817,0.8980304362231178,0.8071302495852275
1818,0.868011252270819,0.788210200625943
1819,0.8527406582539885,0.7801931512143018
1820,0.8261470874372243,0.7504077482363
1821,0.8666765406819994,0.7750298813341547
1822,0.873805229294036,0.796675637723031
1823,0.8880111534036632,0.7774788529581985
1824,0.8641282606680092,0.7864702777063921
1825,0.8445813693070674,0.7527794895581195
1826,0.8652129155864569,0.76618614728211
1827,0.9002499347147144,0.7818715302013937
1828,0.8310332491166147,0.726424510578748
1829,0.8392520183740433,0.765318018369963
1830,0.8696683943625825,0.7959655343941268
1831,0.8810834954753458,0.766477050903152
1832,0.8524845386853553,0.7901697563434478
1833,0.883579480241231,0.799325987600491
1834,0.8669611645518771,0.7784385697685215
1835,0.8200930620891476,0.7348750702002559
1836,0.8749549677990935,0.7873350035649578
1837,0.8194477463491829,0.7695106710394546
1838,0.8565125758296885,0.7220905431234291
1839,0.8727870506486246,0.795874258310872
1840,0.8727401656279863,0.7565902505249621
1841,0.8567001251578116,0.7497791959803135
1842,0.8582239586298183,0.7732964251810338
1843,0.8493119063195186,0.7871545337660597
1844,0.8879397911320801,0.8175382056496112
1845,0.8491710514605362,0.7967300966315677
1846,0.8725835306918013,0.7766199657128392
1847,0.8482087551246575,0.7592075721209092
1848,0.8801067768093921,0.7928875513726386
1849,0.8615315298776565,0.7901413874942599
1850,0.8878547520506319,0.8126339056106012
1851,0.8951234902759624,0.8124904098210783
1852,0.8691982405629101,0.7877613384501234
1853,0.8784946475050305,0.8210747623130037
1854,0.8674346574041846,0.8069167462976381
1855,0.8564166625507202,0.7593253815331341
1856,0.8996447386181998,0.8349266075737144
1857,0.8589627302524601,0.7815446393757361
1858,0.8607135288685341,0.8004848350517223
1859,0.8991180035139076,0.8086322572729817
1860,0.8694502492489712,0.7863537420391696
1861,0.8612604167447248,0.8061264190394222
1862,0.8459414460768601,0.7726498347138152
1863,0.8120466902087743,0.7385298873692573
1864,0.8365199759403922,0.7486000682524553
1865,0.8239615779898293,0.7419838815881689
1866,0.8925074166670577,0.7722002826383594
1867,0.8657098422194077,0.7810378809567253
1868,0.8624885183283966,0.7645963822653731
1869,0.8352880280416641,0.734166875866639
1870,0.8525218098825769,0.7391567379450168
1871,0.8366013246820589,0.7978423258860626
1872,0.849778573290518,0.7783960009971175
1873,0.8847449451975162,0.8162652555615748
1874,0.8731454775914077,0.7661325153269245
1875,0.8358402792740625,0.7713816279467162
1876,0.8666266914235247,0.7709194016115711
1877,0.8596651651238415,0.7632880151294692
1878,0.8769983156244368,0.8015937155268865
1879,0.8392713914043569,0.7737229453943876
1880,0.8547069586556906,0.7619740609372633
1881,0.8275791969100132,0.7323722628768256
1882,0.8944083639489983,0.8378552535579473
1883,0.862352632996046,0.767487099060675
1884,0.8516630071957154,0.8459808142360691
1885,0.8608880764027319,0.7505276205756051
1886,0.8379039520982915,0.7518725738690497
1887,0.8673498953591547,0.7371539006548137
1888,0.8388793947214689,0.770417809669215
1889,0.8552619519244131,0.7866280368890366
1890,0.884659258921171,0.791309967803477
1891,0.8563903005622965,0.6618411037474989
1892,0.8653136267195909,0.7531592936300164
1893,0.8757404845457812,0.7953937287852849
1894,0.8556453854101632,0.7812128947080014
1895,0.8699419619711233,0.7801677855713814
1896,0.8621175449379817,0.7728403914441666
1897,0.86401305800149,0.783123444966514
1898,0.8425764908813148,0.79065179107172
1899,0.8719342928096537,0.7842172322820736
1900,0.8738424501479152,0.7952105663716962
1901,0.8736202957775688,0.7720783356874801
1902,0.8690720256508859,0.8056846144643908
1903,0.838217428517263,0.7602847251274589
1904,0.8742871652148517,0.8079844800283769
1905,0.876425303772125,0.7963348221140496
1906,0.8194519229380574,0.7490924185066714
1907,0.8662723446777643,0.7700867962974822
1908,0.861398487484774,0.7619268587294517
1909,0.8991394618136741,0.822957173220133
1910,0.8805439765707429,0.8118852113506556
1911,0.8153954838987966,0.7618248023758337
1912,0.865034645723777,0.7849504823119309
1913,0.8728415232425178,0.7797630351068918
1914,0.8724219278813002,0.806651934338706
1915,0.8737172066736307,0.7289395372142947
1916,0.8371619225565031,0.7372411321559815
1917,0.8508405074568806,0.7651398737164907
1918,0.8727681686042346,0.8029199463217986
1919,0.8774086515183979,0.8017781510791226
1920,0.8485910731028891,0.7470035894592707
1921,0.8212571153235697,0.714537927219365
1922,0.8447129697858328,0.7411187465625084
1923,0.8567487793515589,0.757893091541862
1924,0.8575299797805078,0.7788806952981286
1925,0.8491557252834075,0.7883950027894001
1926,0.8582177317892931,0.7506859741336568
1927,0.8753902436048177,0.7908201785418325
1928,0.8693732039773583,0.7808323988967449
1929,0.9117524937663983,0.8386294884767905
1930,0.8694859018781522,0.7855499401451953
1931,0.7973169295574041,0.7222952100167328
1932,0.8734719641429374,0.788553232968602
1933,0.8819891580031498,0.7914713510486783
1934,0.8810948338758527,0.8069227517319842
1935,0.873912504727918,0.7889086824656301
1936,0.8670711813792004,0.7823326356434535
1937,0.8733575687136091,0.7715236190142286
1938,0.8964064760666458,0.7968107293304451
1939,0.843582584997769,0.7896841231269673
1940,0.8812888693992706,0.8262209164613205
1941,0.839644185932017,0.7680932777877963
1942,0.8369182175530429,0.7674735088728354
1943,0.8644845889576729,0.7822826754086109
1944,0.8440335120092268,0.7670531336355678
1945,0.8770203700714245,0.7635527229217662
1946,0.8529388417520425,0.7802239661399635
1947,0.908407009913334,0.8126691659230598
1948,0.8725291451862641,0.7821812855314
1949,0.8445105225715934,0.7749442722303096
1950,0.8724758403302817,0.7855270803481649
1951,0.8234458648781906,0.7402531637132612
1952,0.8555789183822607,0.7860405926365757
1953,0.857310276167341,0.7630865323810202
1954,0.8390343117610685,0.7459977953676901
1955,0.866370773856655,0.7745164921003411
1956,0.8562702310744703,0.7695661753477632
1957,0.8240922574023235,0.7607456918849241
1958,0.8734080742458179,0.8536114250566839
1959,0.9088335994142497,0.8363042890229647
1960,0.8677961469599199,0.8004866022431274
1961,0.8176611282762748,0.7829415302802856
1962,0.8710634642636135,0.7916001782120626
1963,0.8131442560085491,0.760620359024261
1964,0.842334001922005,0.783071576106617
1965,0.8824489429930178,0.8301871834254945
1966,0.871481257477659,0.7929084723534501
1967,0.8072065398155207,0.7203487403386304
1968,0.8287394872444228,0.7851413490965327
1969,0.851509918327596,0.7464602345350502
1970,0.8545402150274592,0.7668839462761805
1971,0.8581021817843782,0.7751700332428412
1972,0.8501679887688667,0.7668899746291891
1973,0.807273652402546,0.7204840742160248
1974,0.8795009095516078,0.8032510282493234
1975,0.8472412181455924,0.7833077250741269
1976,0.8188433610403837,0.7439092251237824
1977,0.8121930701361085,0.7586362842569138
1978,0.8381893037207474,0.7491467315218732
1979,0.8737713777063805,0.8020286154443493
1980,0.7818524922311261,0.7339137047747051
1981,0.8931274894236768,0.819816521825227
1982,0.8574678383012962,0.759424592431674
1983,0.8661756383465223,0.7834731932960592
1984,0.8584502796237918,0.7807472505641018
1985,0.8172463598688491,0.7455352677780117
1986,0.8517220385972816,0.7652385552662135
1987,0.8680503395371507,0.7472662310893
1988,0.859033521853815,0.7821112865273413
1989,0.8442184813964072,0.7429091876177668
1990,0.8375905669277924,0.7655619448102347
1991,0.8725495130665887,0.7799299052402285
1992,0.8585876925069232,0.7799422184994786
1993,0.8871785137273875,0.7982612647930943
1994,0.8626971423821423,0.7351943684503559
1995,0.8737337314635506,0.8046902420950026
1996,0.8903240910531923,0.809784069098111
1997,0.8690159706348601,0.8076335615284126
1998,0.9055858800766564,0.8395358171336338
1999,0.8853904840019458,0.7906480599245932
